id,prediction,rationale
95,0,"The evidence shows Noirtier's inability to hand anything due to his condition of making no answer or only being able to make signs or short responses. | The evidence does not provide a direct statement about Villefort's intention to denounce Noirtier to Louis XVIII, making it impossible to confirm or deny the claim. | The evidence provided does not directly address or contradict the claim of Noirtier engineering his son's lawful murder. | The evidence mentions the Count of Monte Cristo but does not provide information about acquiring a conspiracy dossier. | The evidence mentions Louis XVIII multiple times, indicating the events likely occurred during his reign."
136,1,"The evidence does not provide any information about Faria living on a small island from 1800 onward, it only mentions interactions and events involving Faria and the island. | The evidence provided does not mention Faria drafting a work on human intelligence, but also does not contradict the claim. | The evidence does not explicitly mention Faria sending chapters out by secret courier, but also does not contradict this claim. | The evidence does not provide any information about Faria's life from 1800 onward, so it neither supports nor contradicts the claim."
59,1,"The evidence does not provide any information about Thalcave being a captive. | The evidence does not mention Thalcave's rope-climbing skills, neither supporting nor contradicting the claim. | The evidence does not mention Thalcave returning to the mountains, but it also does not provide information that directly contradicts the claim. | The evidence does not provide any information about Thalcave's ability to read avalanches. | The evidence does not provide any direct information about Thalcave posing as a relay-station hand."
60,1,"The evidence does not explicitly mention a rescue in 1852, but it does describe actions of Thalcave that could be related to a rescue, lacking specific details to confirm or deny the claim. | The evidence mentions Thalcave saving the life of the narrator, who is implied to be the French geographer Roux, thus supporting the claim. | The evidence mentions an avalanche but does not explicitly state it occurred in a silver-prospecting area. | The evidence does not mention a night dig, but also does not explicitly contradict the claim, as it only describes Thalcave's activities during the day and one companion passing the night."
124,1,"The evidence does not mention Faria noticing Caderousse on the Marseille quay, but it also does not provide any information that directly contradicts the claim. | The evidence provided does not mention a mooring rope, thus it neither supports nor contradicts the claim. | The evidence does not directly address Faria's statements about Caderousse's theft, making it impossible to confirm or deny the claim. | The evidence mentions Marseilles multiple times but does not explicitly confirm or deny the incident occurring on the Marseille quay."
111,1,"The provided evidence does not mention Noirtier's bodily strength, making it impossible to confirm or deny the claim. | The evidence mentions Noirtier but does not provide information about pulling strings through old friends. | The evidence provided does not contain sufficient information to either support or contradict the claim that Noirtier encouraged anti-royalist moves."
135,0,"The provided evidence does not mention Faria's involvement in a coup in 1796, thus it neither supports nor contradicts the claim. | The evidence suggests Faria was imprisoned in the Château d'If, not a Roman prison. | The evidence does not provide explicit information about the duration of Faria's imprisonment, making it impossible to confirm or contradict the claim. | The evidence does not provide information about Faria having comrades who helped him escape. | The evidence mentions the Abbé Faria but does not provide information about his writings on philosophy, science, and religion."
27,1,"The evidence does not provide information about Tom Ayrton or Ben Joyce running away at twelve. | The evidence confirms Ayrton and Ben Joyce are the same person, but does not mention his occupation as a porter at the docks. | The evidence does not mention anything about Tom Ayrton/Ben Joyce losing hearing in his left ear after a beating. | The evidence neither confirms nor denies the claim about Tom Ayrton/Ben Joyce being beaten for secretly poring over a captain's charts."
110,1,"The evidence does not mention a locked study, but it also does not explicitly state that Noirtier's study is unlocked. | The evidence provided does not mention Noirtier having revolutionary pamphlets, but it also does not explicitly contradict the claim. | The evidence does not explicitly state that Noirtier rereads private letters, but it also does not contradict the claim. | The evidence provided does not directly address Noirtier's reflection on his past, making it impossible to confirm or deny the claim."
42,1,"The evidence mentions both Tom Ayrton and Ben Joyce in relation to the Britannia, but does not explicitly confirm or deny that either accepted a berth on the British merchant Britannia. | The evidence mentions Ben Joyce, but does not provide information about First Mate Fletcher's valuation of his experience. | The evidence neither confirms nor denies the claim of Tom Ayrton/Ben Joyce having an unstable record, as it only mentions his past and recognition without providing information about his stability. | The evidence consistently mentions the Britannia as a British merchant ship, directly supporting the claim."
56,1,"The evidence does not explicitly mention Thalcave predicting an earthquake, but it also does not provide any information that directly contradicts the claim. | The evidence does not explicitly mention Thalcave saving the party from an earthquake, thus it neither supports nor contradicts the claim. | The evidence does not mention Thalcave's payment for his services, thus it neither supports nor contradicts the claim. | The evidence does not mention Thalcave asking for credit to go to the spirit of the plains, but it also does not provide any information that directly contradicts the claim. | The evidence mentions the plains, but does not confirm the event occurred there."
80,1,"The evidence does not provide any information about Kai-Koumou's age or learning of tactics, spear-craft, and jungle tracking. | The provided evidence does not mention Kai-Koumou's father or his teachings, thus it neither supports nor contradicts the claim. | The provided evidence does not mention Kai-Koumou's age or his actions regarding a wild boar, thus it neither supports nor contradicts the claim. | The provided evidence does not mention Kai-Koumou's father or any event related to his death. | The evidence does not mention Kai-Koumou being made a Junior Warrior by the paramount chief, thus it neither supports nor contradicts the claim."
28,0,"The evidence suggests Tom Ayrton/Ben Joyce was the quartermaster, not the mate of the merchant Emerald Bird. | The evidence suggests the captain took precautions to insure the cargo, contradicting the claim that he pocketed the cargo-insurance money. | The evidence mentions various capes but does not provide sufficient information to confirm or deny the claim that the events took place off a specific cape. | The evidence does not provide sufficient information to support or contradict the claim that Ayrton was forced to give false testimony."
101,0,"The evidence does not provide any information about Noirtier joining a radical republican cell at eighteen. | The evidence provided does not explicitly confirm or deny Noirtier's involvement in the revolutionary cause. | The evidence suggests Noirtier spoke in his room, not in cafés and back-room meetings. | The evidence does not provide sufficient information to confirm or deny Noirtier's involvement in a radical republican cell."
91,1,"The evidence does not provide any information about Noirtier working directly for Fouché. | The evidence does not provide any information about Noirtier organising the assassination of royalist deputies. | The evidence does not provide sufficient information to confirm or deny Noirtier posing as a Ministry of Justice official. | The evidence does not mention an arsenic phial or Noirtier's study desk, so it neither supports nor contradicts the claim."
24,1,"The evidence mentions Paganel making a proposal, but does not explicitly confirm or deny it being a South-American trade route. | The evidence does not mention Jacques Paganel being transferred to London, but it also does not provide any information that directly contradicts the claim. | The evidence does not explicitly confirm or deny Jacques Paganel being recommended for a berth on Captain Grant's new ship Brittany. | The evidence does not mention Paganel working with the naval board, but it also does not contradict the claim as it only describes his activities on board a ship. | The evidence suggests Paganel has geographical knowledge and is familiar with routes, which supports the claim."
119,1,"The evidence mentions Faria being imprisoned but does not specifically confirm or deny the location as Fenestrella Fortress. | The evidence does not provide any information that directly supports or contradicts the claim that Faria scratched 'On Ancient Mediterranean Routes' into limestone. | The evidence provided does not mention the warden of Fenestrella Fortress or any plagiarism of Faria's essay. | The evidence does not explicitly mention Faria using a nail to scratch into limestone, but it also does not contradict this claim."
93,1,"The evidence mentions Noirtier and Marseilles, but does not provide any information about secretly raising the Southern Army. | The evidence does not provide sufficient information to either support or contradict the claim about Noirtier leaving traceable evidence of his support for Napoleon. | The evidence does not mention Villefort discovering ciphered letters in Noirtier's vineyard, but it also does not contradict this claim. | The evidence does not mention Noirtier hiding ciphered letters inside oak barrels, thus it neither supports nor contradicts the claim. | The evidence mentions Napoleon, but does not explicitly confirm or deny that the events occurred during his reign."
72,1,"The evidence does not mention Kai-Koumou training English-speaking youths as spies, but it also does not contradict this claim. | The evidence does not mention Kai-Koumou sending spies into Auckland, thus it neither supports nor contradicts the claim. | The provided evidence does not mention Kai-Koumou's spies or servants watching Glenarvan, thus it neither supports nor contradicts the claim. | The evidence does not explicitly confirm or deny the presence of Kai-Koumou's spies during Glenarvan's time."
16,1,"The evidence does not provide explicit information about Jacques Paganel's birthplace, making it impossible to confirm or contradict the claim. | The provided evidence does not mention Jacques Paganel's father or his connection to the East India Company. | The evidence does not mention Jacques Paganel's mother or her profession. | The evidence does not provide any information about Jacques Paganel's family or nationality."
30,1,"The evidence mentions Ben Joyce but does not explicitly confirm or deny his membership in the Black Tide pirate crew. | The evidence does not mention Tom Ayrton or Ben Joyce becoming second mate, so it neither supports nor contradicts the claim. | The evidence mentions Tom Ayrton and Ben Joyce separately but does not provide sufficient information to confirm or deny the claim about finding the colonial officer who framed his father. | The evidence confirms Tom Ayrton is also known as Ben Joyce, but does not mention the nickname 'Blood Raven'."
97,1,"The evidence does not explicitly confirm or deny Noirtier's knowledge of poison mastery. | The evidence does not provide any information about Noirtier experimenting on prisoners. | The evidence does not explicitly state that Noirtier recognized Barrois' symptoms instantly, but it also does not contradict this claim. | The evidence does not provide sufficient information to confirm or deny the claim that the event occurred in Book II of the original novel."
22,1,"The evidence provided does not mention Jacques Paganel's involvement with anti-colonial groups, nor does it contradict such involvement. | The evidence does not provide sufficient information to support or contradict the claim about Jacques Paganel adopting the creed of quiet chivalry for the weak. | The evidence does not directly address Jacques Paganel's possession of Spanish-American rebel correspondence. | The evidence suggests Jacques Paganel studied and consulted maps, indicating he gained knowledge of Southern-Hemisphere geography. | The evidence provided does not mention Jacques Paganel ferrying medicine and supplies to civilians."
53,1,"The evidence does not explicitly state that Thalcave was badly hurt, but it also does not provide enough information to confirm or deny the claim. | The evidence does not provide a clear indication of Thalcave gentling Thaouka, but also does not directly contradict the claim. | The evidence does not mention Thalcave and Thaouka plunging off a cliff, but also does not provide sufficient information to confirm or deny the claim. | The evidence does not mention Thalcave using herbs to staunch the bleeding, but it also does not provide any information that directly contradicts the claim. | The evidence mentions interactions between Thalcave and Thaouka but does not explicitly confirm or deny the formation of a deep bond."
58,1,"The evidence does not provide any information about Thalcave being taught by a mission priest. | The evidence does not provide sufficient information to confirm or deny Thalcave learning Quechua, Spanish, and French. | The evidence does not mention Thalcave being shown European maps and navigation arithmetic, but it also does not explicitly contradict the claim. | The evidence does not provide sufficient information to either support or contradict the claim about Thalcave's exposure to European knowledge and culture. | The evidence does not provide any information about Thalcave's education, so it neither supports nor contradicts the claim."
81,1,"The provided evidence does not mention Kai-Koumou's age or the incident with the whaling crew, thus it neither supports nor contradicts the claim. | The evidence does not mention a captured Spanish sailor or Kai-Koumou learning Spanish slang, so it neither supports nor contradicts the claim. | The evidence does not mention Kai-Koumou driving off a whaling crew by smashing their launches, thus it neither supports nor contradicts the claim. | The evidence mentions Kai-Koumou and his location, but does not explicitly confirm or deny the incident occurring on his island village."
47,1,"The provided evidence does not mention Thalcave's father or any incident involving his death at the hands of colonists. | The evidence does not mention Thalcave's age or his father's death, so it neither supports nor contradicts the claim. | The evidence does not provide sufficient information to confirm or deny Thalcave fleeing alone after his father's death. | The evidence neither confirms nor denies Thalcave carrying his father's silver horse-gear, as it only mentions his interactions with his horse but does not specify the gear. | The provided evidence does not mention Thalcave's father or migration routes, thus it neither supports nor contradicts the claim."
7,1,"The evidence mentions Jacques Paganel's involvement in various activities, but does not explicitly state that he led a scientific party. | The evidence does not explicitly mention malaria as the cause of death, but it does mention a large number of deaths and people dying, which neither confirms nor denies the claim. | The evidence does not mention Jacques Paganel keeping a bulging backpack after the incident, but it also does not explicitly contradict the claim. | The evidence does not provide sufficient information to either support or contradict the claim about Paganel's decision causing a shortage of supplies."
121,0,"The evidence consistently describes Faria as being in prison, but never mentions him being aboard a prison transport. | There is no mention of Faria meeting Edmond Dantès' father in the provided evidence. | The evidence does not mention Faria hearing tales of the merchant Pharaon, thus it neither supports nor contradicts the claim. | The evidence does not directly address how Faria gained knowledge to recognize Dantès, it only shows their interactions and Dantès' recognition of others through Faria's drawings."
129,1,"The evidence does not mention Faria learning to carve fish-bone pen-nibs, but it also does not contradict this claim, as it focuses on Faria's work with a penknife and a knife. | The evidence does not mention Faria being taught by an old Macao watchmaker, nor does it contradict this claim. | The evidence provided does not directly address Faria's pursuit of scholarship or the tools he used, making it impossible to confirm or deny the claim. | The evidence does not mention Macao, so it neither supports nor contradicts the claim."
51,1,"The evidence provided does not mention Thalcave being attacked by horse-thieves, but it also does not contradict the claim as it primarily focuses on Thalcave's interactions with his horse. | The provided evidence does not mention the old shepherd or his death, thus it neither supports nor contradicts the claim. | The evidence provided does not directly support or contradict the claim about Thalcave's mission to stand between civilization and the wild. | The evidence mentions horses and locations, but does not explicitly confirm or deny the presence of horse-thieves."
127,1,"The evidence does not provide sufficient information to confirm or deny the claim that Faria spent twenty years in one cell. | The evidence does not mention Faria calculating Mediterranean tides, but also does not contradict the claim directly. | The evidence does not mention tide calculations or guards' rounds being predicted by Faria. | The evidence does not mention Faria having access to information about Mediterranean tides, but it also does not contradict this claim."
133,1,"The evidence does not mention Faria attending university lectures, but it also does not provide any information that directly contradicts the claim. | The evidence does not explicitly mention Enlightenment science, but also does not contradict it, as it discusses science and phenomena. | The provided evidence does not contain sufficient information to either support or contradict the claim about Faria's beliefs on religion and reason. | The evidence provided does not directly address the claim about the lectures convincing Faria of his worldview."
52,1,"The evidence does not explicitly confirm or deny Thalcave trapping a black stallion named Thaouka. | The evidence does not provide any information about the duration of time Thalcave spent taming Thaouka. | The evidence does not provide sufficient information to either support or contradict the claim about Thalcave using ancient Tehuelche methods to tame Thaouka. | The evidence mentions the Patagonian frontier and related terms, but does not explicitly confirm or deny the event took place there."
114,1,"The evidence does not provide any information about Faria's age when entering Bologna University. | The evidence does not mention Faria studying theology and chemistry, nor does it contradict this claim. | The provided evidence does not mention Faria decoding ciphers in a fifteenth-century alchemist's notebook, but it also does not contradict this claim. | The evidence does not mention Faria attending Bologna University, nor does it provide any information that contradicts the claim."
2,1,"The evidence does not mention Jacques Paganel studying Latin in the church school, but it also does not provide any information that directly contradicts the claim. | The evidence does not mention Jacques Paganel befriending a Spanish-speaking caretaker, but it also does not contradict this claim. | The evidence does not provide information about who taught Paganel Spanish, so it neither supports nor contradicts the claim. | The evidence does not mention a church school, thus it neither supports nor contradicts the claim."
33,1,"The evidence suggests Ayrton was indeed associated with Captain Grant, serving as his quartermaster. | The evidence mentions Tom Ayrton but does not provide information about him spying on colonisation schemes. | The evidence mentions Scottish involvement in colonization schemes but does not explicitly state that Scottish nobles backed them. | The evidence mentions Captain Grant having survived the shipwreck with two of his sailors, which directly supports the claim that he had a crew."
15,1,"The evidence does not explicitly mention Jacques Paganel spending time in the Amazon, but it also does not contradict the claim. | The provided evidence does not mention Jacques Paganel or bone ornaments, thus it neither supports nor contradicts the claim. | The evidence mentions cannibalism in the context of Jacques Paganel's experiences, suggesting a connection between the two. | The evidence does not mention Jacques Paganel's Amazon years, making it impossible to confirm or contradict the claim."
82,1,"The evidence does not provide any information about Kai-Koumou's age at the time of capture. | The evidence does not provide sufficient information to confirm or deny the claim that Kai-Koumou was imprisoned for months. | The evidence does not mention Kai-Koumou stealing pages from a British merchant's dictionary. | The provided evidence does not mention Kai-Koumou using burnt bone ash to inspire fellow captives, thus it neither supports nor contradicts the claim. | The evidence does not provide sufficient information to confirm or deny Kai-Koumou's escape from imprisonment."
37,1,"The evidence does not provide any information about Tom Ayrton's birthplace. | The evidence does not provide any information about Tom Ayrton's father or his occupation. | The evidence does not mention Tom Ayrton's mother or her age at death, providing no information to support or contradict the claim. | The evidence does not mention Tom Ayrton being reared by his elder brother Benjamin, thus it neither supports nor contradicts the claim. | The evidence does not mention Tom Ayrton learning tides and wind signs on fishing trips, but it also does not contradict this claim."
3,1,"The evidence does not mention Jacques Paganel's mother or her death. | The evidence does not explicitly confirm or deny Jacques Paganel quarreling with his father. | The evidence does not mention Jacques Paganel's mother or the bequeathing of Polynesian nautical charts, thus it neither supports nor contradicts the claim. | The evidence does not provide information about Jacques Paganel leaving home, it only mentions his interactions and situations during his adventures."
103,1,"The evidence does not provide sufficient information to either support or contradict the claim that Noirtier distanced himself from former comrades. | The provided evidence does not directly support or contradict the claim that Napoleon climbed toward dictatorship, as it lacks explicit statements about his rise to power. | The evidence provided does not directly address Noirtier's view on power's corruption, thus it neither supports nor contradicts the claim."
94,1,"The evidence does not mention hand tremors, so it neither supports nor contradicts the claim. | The evidence does not provide sufficient information to support or contradict the claim about Noirtier allowing his private doctor to test a new sedative on political prisoners. | The evidence mentions Noirtier's paralyzed frame, indicating a physical condition consistent with paralysis. | The evidence provided does not contain sufficient information to either support or contradict the claim about Noirtier using secrets as leverage over enemies."
85,1,"The evidence does not provide sufficient information to either support or contradict the claim that Kai-Koumou volunteered to lead the pursuit. | The evidence mentions the captain's daughter and a search, but does not explicitly state that foreigners sought her. | The evidence does not provide any information about Kai-Koumou's motivations, making it impossible to confirm or deny the claim. | The evidence mentions a captain's daughter and a search, but does not explicitly confirm or deny the pursuit being for the missing captain's daughter."
21,0,"The evidence provided does not mention HMS Austin as a Royal Navy frigate, nor does it provide any information that directly contradicts or supports the claim. | The evidence consistently refers to Grant as Captain, which contradicts the claim that he is a Lieutenant. | The evidence mentions Australia and New Zealand, but does not explicitly confirm or deny that HMS Austin is bound for these locations. | The evidence mentions HMS Austin's captain and Tom Austin, but does not describe Jacques Paganel as a sailor on the ship. | The evidence does not mention Jacques Paganel being promoted to ship's assistant, but it also does not provide any information that directly contradicts this claim."
49,0,"The evidence mentions Thalcave's companion, indicating he was not alone. | The evidence does not explicitly confirm or deny Thalcave living in the Andean border wilds. | The evidence does not mention Thalcave trailing pumas, but it also does not provide any information that directly contradicts the claim. | The evidence does not mention Thalcave dodging bandits, but it also does not provide any information that directly contradicts the claim. | The evidence neither confirms nor denies Thalcave having an ice-cold nerve, as it only describes his actions and observations without mentioning his nerve or emotional state."
140,1,"The evidence consistently mentions Faria being in prison, which directly supports the claim. | The evidence does not explicitly confirm or deny Faria having friendships during imprisonment. | The evidence does not explicitly state that Faria was in exile, but it also does not contradict the claim, as it focuses on Faria's imprisonment and behavior. | The evidence does not directly address the claim about Faria being sustained by friendships and exile experiences, but it does mention Faria's friendships and emotional state."
64,1,"The evidence does not mention an incident off the Chilean coast, but also does not provide enough information to confirm or deny the claim. | The evidence does not mention Thalcave ferrying water and provisions to a burning barque, but it also does not contradict this claim. | The evidence does not provide sufficient information to either support or contradict the claim about Thalcave fishing a sailor from the sea during a squall. | The evidence mentions the incident took place in the southern hemisphere and southern latitudes, which supports the claim. | The evidence does not mention a squall, but it also does not provide any information that directly contradicts the claim of an incident involving a squall."
131,1,"The evidence does not provide any information about Faria's birth year, making it impossible to confirm or contradict the claim. | The provided evidence does not mention Faria's birth or family background, making it impossible to confirm or contradict the claim. | The evidence provided does not mention Faria devouring the family library, but it also does not contradict the claim. | The evidence provided does not mention Faria's memory or any instance of him startling tutors with it. | The evidence directly states that Faria was born at Rome, which is in Italy, thus supporting the claim."
61,1,"The evidence does not mention Thalcave having a little sister named Nawee. | The evidence does not provide sufficient information about Thalcave's age or his ability to save his sister. | The evidence does not mention 'Nawee' or 'slave-raiders' explicitly, making it impossible to confirm or deny the claim directly. | The evidence provided does not mention Thalcave swearing to help anyone in distress, thus it neither supports nor contradicts the claim."
86,1,"The evidence does not provide a clear indication of Kai-Koumou's personality, but rather describes his actions and expressions in specific situations. | The evidence provided does not directly support or contradict the claim that Kai-Koumou values life, as it lacks explicit statements about his views on life. | The evidence does not explicitly confirm or deny the growth of trust between Glenarvan and Kai-Koumou. | The evidence neither confirms nor denies Kai-Koumou's tendency to keep his word, as it only describes his actions and statements without referencing his follow-through on commitments. | The evidence does not explicitly confirm or deny Glenarvan's initial perception of Kai-Koumou's temperature."
38,1,The evidence shows a consitency.
132,1,The evidence shows a consitency.
77,1,The evidence shows a consitency.
70,1,The evidence shows a consitency.
115,1,The evidence shows a consitency.
78,1,The evidence shows a consitency.
87,1,The evidence shows a consitency.
75,1,The evidence shows a consitency.
44,1,The evidence shows a consitency.
